<?xml version="1.0" encoding="UTF-8"?><project-private xmlns="http://www.netbeans.org/ns/project-private/1">
    <editor-bookmarks xmlns="http://www.netbeans.org/ns/editor-bookmarks/1"/>
    <open-files xmlns="http://www.netbeans.org/ns/projectui-open-files/1">
        <file>file:/C:/Documents%20and%20Settings/Ruchir/My%20Documents/NetBeansProjects/WebApplication3/web/Menu.jsp</file>
        <file>file:/C:/Documents%20and%20Settings/Ruchir/My%20Documents/NetBeansProjects/WebApplication3/src/java/test/com/addafter.java</file>
        <file>file:/C:/Documents%20and%20Settings/Ruchir/My%20Documents/NetBeansProjects/WebApplication3/web/add.jsp</file>
    </open-files>
</project-private>
